<?xml version='1.0' encoding='ISO-8859-1' ?>
<File Type='Page' Version='1.1.0'>
<Control Type='Page' Name='Apple TV' Transition='0' TransitionDuration='-1'>
<Position Units='Pixels' X='0' Y='0' />
<Size Units='Pixels' Width='320' Height='460' />
<VisualStyles>
<VisualStyle>
<Background>
<Color  R='0' G='0' B='0' A='1' />
</Background>
<Image Id='1' />
</VisualStyle>
</VisualStyles>
<Control Type='Button' Name='Button'>
<Position Units='Pixels' X='125' Y='7' />
<Size Units='Pixels' Width='70' Height='64' />
<VisualStyles>
<VisualStyle State='0' Mode='0'>
<Face Type='2D'>
<Color  R='0.752941' G='0.752941' B='0.752941' A='0' />
</Face>
<Image Id='22' Alpha='1' />
</VisualStyle>
<VisualStyle State='1' Mode='0'>
<Face Type='2D'>
<Color  R='0.752941' G='0.752941' B='0.752941' A='0' />
</Face>
<Image Id='23' Alpha='1' />
</VisualStyle>
</VisualStyles>
<Bindings>
<Binding Id='31' Type='Digital' Property='State'/>
</Bindings>
<Commands>
<Command Action='TouchDown' Id='31' Type='Digital' Value='True' />
<Command Action='TouchUp' Id='31' Type='Digital' Value='False' />
</Commands>
</Control>
<Control Type='Button' Name='Button'>
<Position Units='Pixels' X='125' Y='71' />
<Size Units='Pixels' Width='70' Height='69' />
<VisualStyles>
<VisualStyle State='0' Mode='0'>
<Face Type='2D'>
<Color  R='0.752941' G='0.752941' B='0.752941' A='0' />
</Face>
<Image Id='24' Alpha='1' />
</VisualStyle>
<VisualStyle State='1' Mode='0'>
<Face Type='2D'>
<Color  R='0.752941' G='0.752941' B='0.752941' A='0' />
</Face>
<Image Id='25' Alpha='1' />
</VisualStyle>
</VisualStyles>
<Bindings>
<Binding Id='30' Type='Digital' Property='State'/>
</Bindings>
<Commands>
<Command Action='TouchDown' Id='30' Type='Digital' Value='True' />
<Command Action='TouchUp' Id='30' Type='Digital' Value='False' />
</Commands>
</Control>
<Control Type='Button' Name='Button'>
<Position Units='Pixels' X='125' Y='138' />
<Size Units='Pixels' Width='70' Height='67' />
<VisualStyles>
<VisualStyle State='0' Mode='0'>
<Face Type='2D'>
<Color  R='0.752941' G='0.752941' B='0.752941' A='0' />
</Face>
<Image Id='26' Alpha='1' />
</VisualStyle>
<VisualStyle State='1' Mode='0'>
<Face Type='2D'>
<Color  R='0.752941' G='0.752941' B='0.752941' A='0' />
</Face>
<Image Id='27' Alpha='1' />
</VisualStyle>
</VisualStyles>
<Bindings>
<Binding Id='32' Type='Digital' Property='State'/>
</Bindings>
<Commands>
<Command Action='TouchDown' Id='32' Type='Digital' Value='True' />
<Command Action='TouchUp' Id='32' Type='Digital' Value='False' />
</Commands>
</Control>
<Control Type='Button' Name='Button'>
<Position Units='Pixels' X='195' Y='71' />
<Size Units='Pixels' Width='65' Height='69' />
<VisualStyles>
<VisualStyle State='0' Mode='0'>
<Face Type='2D'>
<Color  R='0.752941' G='0.752941' B='0.752941' A='0' />
</Face>
<Image Id='28' Alpha='1' />
</VisualStyle>
<VisualStyle State='1' Mode='0'>
<Face Type='2D'>
<Color  R='0.752941' G='0.752941' B='0.752941' A='0' />
</Face>
<Image Id='29' Alpha='1' />
</VisualStyle>
</VisualStyles>
<Bindings>
<Binding Id='33' Type='Digital' Property='State'/>
</Bindings>
<Commands>
<Command Action='TouchDown' Id='33' Type='Digital' Value='True' />
<Command Action='TouchUp' Id='33' Type='Digital' Value='False' />
</Commands>
</Control>
<Control Type='Button' Name='Button'>
<Position Units='Pixels' X='60' Y='71' />
<Size Units='Pixels' Width='65' Height='69' />
<VisualStyles>
<VisualStyle State='0' Mode='0'>
<Face Type='2D'>
<Color  R='0.752941' G='0.752941' B='0.752941' A='0' />
</Face>
<Image Id='30' Alpha='1' />
</VisualStyle>
<VisualStyle State='1' Mode='0'>
<Face Type='2D'>
<Color  R='0.752941' G='0.752941' B='0.752941' A='0' />
</Face>
<Image Id='31' Alpha='1' />
</VisualStyle>
</VisualStyles>
<Bindings>
<Binding Id='34' Type='Digital' Property='State'/>
</Bindings>
<Commands>
<Command Action='TouchDown' Id='34' Type='Digital' Value='True' />
<Command Action='TouchUp' Id='34' Type='Digital' Value='False' />
</Commands>
</Control>
<Control Type='Button' Name='Image'>
<Position Units='Pixels' X='60' Y='7' />
<Size Units='Pixels' Width='65' Height='64' />
<VisualStyles>
<VisualStyle State='0' Mode='0'>
<Image Id='32' Alpha='1' />
</VisualStyle>
</VisualStyles>
</Control>
<Control Type='Button' Name='Image'>
<Position Units='Pixels' X='195' Y='7' />
<Size Units='Pixels' Width='65' Height='64' />
<VisualStyles>
<VisualStyle State='0' Mode='0'>
<Image Id='33' Alpha='1' />
</VisualStyle>
</VisualStyles>
</Control>
<Control Type='Button' Name='Image'>
<Position Units='Pixels' X='195' Y='138' />
<Size Units='Pixels' Width='65' Height='67' />
<VisualStyles>
<VisualStyle State='0' Mode='0'>
<Image Id='34' Alpha='1' />
</VisualStyle>
</VisualStyles>
</Control>
<Control Type='Button' Name='Image'>
<Position Units='Pixels' X='60' Y='138' />
<Size Units='Pixels' Width='65' Height='67' />
<VisualStyles>
<VisualStyle State='0' Mode='0'>
<Image Id='35' Alpha='1' />
</VisualStyle>
</VisualStyles>
</Control>
<Control Type='Button' Name='Button'>
<Position Units='Pixels' X='28' Y='328' />
<Size Units='Pixels' Width='96' Height='96' />
<VisualStyles>
<VisualStyle State='0' Mode='0'>
<Face Type='2D'>
<Color  R='0.25098' G='0' B='0.752941' A='0' />
</Face>
<Image Id='6' Alpha='1' />
</VisualStyle>
<VisualStyle State='1' Mode='0'>
<Face Type='2D'>
<Color  R='1' G='0.501961' B='0' A='0' />
</Face>
<Image Id='7' Alpha='1' />
</VisualStyle>
</VisualStyles>
<Commands>
<Command Action='TouchDown' PageFlip='Film' />
</Commands>
</Control>
<Control Type='Button' Name='Legend'>
<Position Units='Pixels' X='208' Y='292' />
<Size Units='Pixels' Width='95' Height='67' />
<VisualStyles>
<VisualStyle State='0' Mode='0'>
<Face Type='2D'>
<Color  R='0' G='0.164706' B='0.360784' A='1' />
</Face>
<Text FontId='2' Alignment='CenterCenter' Wrap='False'>
<Color  R='0' G='0' B='0' A='1' />
</Text>
</VisualStyle>
<VisualStyle State='1' Mode='0'>
<Face Type='2D'>
<Color  R='0.752941' G='0.752941' B='0.752941' A='1' />
</Face>
<Text FontId='2' Alignment='CenterCenter' Wrap='False'>
<Color  R='0' G='0' B='0' A='1' />
</Text>
</VisualStyle>
</VisualStyles>
</Control>
<Control Type='Button' Name='Button'>
<Position Units='Pixels' X='208' Y='292' />
<Size Units='Pixels' Width='97' Height='70' />
<VisualStyles>
<VisualStyle State='0' Mode='0'>
<Face Type='2D'>
<Color  R='0.752941' G='0.752941' B='0.752941' A='0' />
</Face>
<Image Id='8' Alpha='1' />
</VisualStyle>
<VisualStyle State='1' Mode='0'>
<Face Type='2D'>
<Color  R='0.752941' G='0.752941' B='0.752941' A='0' />
</Face>
<Image Id='9' Alpha='1' />
</VisualStyle>
</VisualStyles>
<Bindings>
<Binding Id='20' Type='Digital' Property='State'/>
</Bindings>
<Commands>
<Command Action='TouchDown' Id='20' Type='Digital' Value='True' />
<Command Action='TouchUp' Id='20' Type='Digital' Value='False' />
</Commands>
</Control>
<Control Type='Button' Name='Legend'>
<Position Units='Pixels' X='208' Y='380' />
<Size Units='Pixels' Width='95' Height='67' />
<VisualStyles>
<VisualStyle State='0' Mode='0'>
<Face Type='2D'>
<Color  R='0' G='0.164706' B='0.360784' A='1' />
</Face>
<Text FontId='2' Alignment='CenterCenter' Wrap='False'>
<Color  R='0' G='0' B='0' A='1' />
</Text>
</VisualStyle>
<VisualStyle State='1' Mode='0'>
<Face Type='2D'>
<Color  R='0.752941' G='0.752941' B='0.752941' A='1' />
</Face>
<Text FontId='2' Alignment='CenterCenter' Wrap='False'>
<Color  R='0' G='0' B='0' A='1' />
</Text>
</VisualStyle>
</VisualStyles>
</Control>
<Control Type='Button' Name='Button'>
<Position Units='Pixels' X='216' Y='296' />
<Size Units='Pixels' Width='80' Height='60' />
<VisualStyles>
<VisualStyle State='0' Mode='0'>
<Face Type='2D'>
<Color  R='0.752941' G='0.752941' B='0.752941' A='0' />
</Face>
<Image Id='10' Alpha='1' />
</VisualStyle>
<VisualStyle State='1' Mode='0'>
<Face Type='2D'>
<Color  R='0.752941' G='0.752941' B='0.752941' A='0' />
</Face>
<Image Id='11' Alpha='1' />
</VisualStyle>
</VisualStyles>
<Bindings>
<Binding Id='20' Type='Digital' Property='State'/>
</Bindings>
<Commands>
<Command Action='TouchDown' Id='20' Type='Digital' Value='True' />
<Command Action='TouchUp' Id='20' Type='Digital' Value='False' />
</Commands>
</Control>
<Control Type='Button' Name='Button'>
<Position Units='Pixels' X='208' Y='380' />
<Size Units='Pixels' Width='97' Height='70' />
<VisualStyles>
<VisualStyle State='0' Mode='0'>
<Face Type='2D'>
<Color  R='0.752941' G='0.752941' B='0.752941' A='0' />
</Face>
<Image Id='8' Alpha='1' />
</VisualStyle>
<VisualStyle State='1' Mode='0'>
<Face Type='2D'>
<Color  R='0.752941' G='0.752941' B='0.752941' A='0' />
</Face>
<Image Id='9' Alpha='1' />
</VisualStyle>
</VisualStyles>
<Bindings>
<Binding Id='21' Type='Digital' Property='State'/>
</Bindings>
<Commands>
<Command Action='TouchDown' Id='21' Type='Digital' Value='True' />
<Command Action='TouchUp' Id='21' Type='Digital' Value='False' />
</Commands>
</Control>
<Control Type='Button' Name='SliderBackdrop' KeyClick='False'>
<Position Units='Pixels' X='180' Y='296' />
<Size Units='Pixels' Width='10' Height='144' />
<VisualStyles>
<VisualStyle State='0' Mode='0'>
<Face Type='2D'>
<Color  R='0.752941' G='0.752941' B='0.752941' A='0' />
</Face>
<Image Id='12' Alpha='1' FillMode='0' />
<Text FontId='3' Alignment='CenterCenter' Wrap='False'>
<Color  R='0' G='0' B='0' A='1' />
</Text>
</VisualStyle>
</VisualStyles>
</Control>
<Control Type='Slider' Name='Slider' KeyClick='False'>
<Position Units='Pixels' X='180' Y='296' />
<Size Units='Pixels' Width='10' Height='144' />
<VisualStyles>
<VisualStyle State='0' Mode='0'>
<Format Type='2' Signed='False'>
<Slider Direction='2' SpringReturn='False' SignedTouch='False' />
</Format>
<Face Type='2D'>
<Color  R='0' G='0' B='0' A='0' />
</Face>
<Image Id='13' Alpha='1' FillMode='0' />
<Text FontId='3' Alignment='CenterCenter' Wrap='False'>
<Color  R='0' G='0' B='0' A='1' />
</Text>
</VisualStyle>
</VisualStyles>
<Bindings>
<Binding Id='5' Type='Analog' Property='Mode'/>
</Bindings>
<Commands>
<Command Action='TouchDown' Id='5' Type='Analog' />
<Command Action='AnalogFeedback' Id='5' Type='Analog' Value='Mode' />
</Commands>
</Control>
<Control Type='Button' Name='Button'>
<Position Units='Pixels' X='216' Y='384' />
<Size Units='Pixels' Width='78' Height='60' />
<VisualStyles>
<VisualStyle State='0' Mode='0'>
<Face Type='2D'>
<Color  R='0.752941' G='0.752941' B='0.752941' A='0' />
</Face>
<Image Id='14' Alpha='1' />
</VisualStyle>
<VisualStyle State='1' Mode='0'>
<Face Type='2D'>
<Color  R='0.752941' G='0.752941' B='0.752941' A='0' />
</Face>
<Image Id='15' Alpha='1' />
</VisualStyle>
</VisualStyles>
<Bindings>
<Binding Id='21' Type='Digital' Property='State'/>
</Bindings>
<Commands>
<Command Action='TouchDown' Id='21' Type='Digital' Value='True' />
<Command Action='TouchUp' Id='21' Type='Digital' Value='False' />
</Commands>
</Control>
<Control Type='Button' Name='Button'>
<Position Units='Pixels' X='36' Y='224' />
<Size Units='Pixels' Width='90' Height='45' />
<VisualStyles>
<VisualStyle State='0' Mode='0'>
<Face Type='2D'>
<Color  R='1' G='1' B='1' A='0' />
</Face>
<Image Id='36' Alpha='1' />
</VisualStyle>
<VisualStyle State='1' Mode='0'>
<Face Type='2D'>
<Color  R='1' G='1' B='1' A='0' />
</Face>
<Image Id='37' Alpha='1' />
</VisualStyle>
</VisualStyles>
<Bindings>
<Binding Id='36' Type='Digital' Property='State'/>
</Bindings>
<Commands>
<Command Action='TouchDown' Id='36' Type='Digital' Value='True' />
<Command Action='TouchUp' Id='36' Type='Digital' Value='False' />
</Commands>
</Control>
<Control Type='Button' Name='Button'>
<Position Units='Pixels' X='192' Y='224' />
<Size Units='Pixels' Width='90' Height='45' />
<VisualStyles>
<VisualStyle State='0' Mode='0'>
<Face Type='2D'>
<Color  R='1' G='1' B='1' A='0' />
</Face>
<Image Id='38' Alpha='1' />
<Text Id='6' FontId='5' Alignment='CenterCenter' Wrap='False'>
<Color  R='1' G='1' B='1' A='1' />
</Text>
</VisualStyle>
<VisualStyle State='1' Mode='0'>
<Face Type='2D'>
<Color  R='1' G='1' B='1' A='0' />
</Face>
<Image Id='39' Alpha='1' />
<Text Id='6' FontId='5' Alignment='CenterCenter' Wrap='False'>
<Color  R='1' G='1' B='1' A='1' />
</Text>
</VisualStyle>
</VisualStyles>
<Bindings>
<Binding Id='35' Type='Digital' Property='State'/>
</Bindings>
<Commands>
<Command Action='TouchDown' Id='35' Type='Digital' Value='True' />
<Command Action='TouchUp' Id='35' Type='Digital' Value='False' />
</Commands>
</Control>
</Control>
</File>
