<?xml version='1.0' encoding='ISO-8859-1' ?>
<File Type='Resource' Version='1.1.0'>
<Resources>
<Font Id='1' Size ='23' FaceName='Arial' Weight='400' Bold='False' Italic='False' Underline='False' Strike='False' />
<Font Id='2' Size ='16' FaceName='Arial' Weight='400' Bold='False' Italic='False' Underline='False' Strike='False' />
<Font Id='3' Size ='19' FaceName='Arial' Weight='400' Bold='False' Italic='False' Underline='False' Strike='False' />
<Font Id='4' Size ='20' FaceName='Arial' Weight='400' Bold='False' Italic='False' Underline='False' Strike='False' />
<Font Id='5' Size ='21' FaceName='Arial' Weight='400' Bold='False' Italic='False' Underline='False' Strike='False' />
<Text Id='1'>Musikk</Text>
<Text Id='2'>Film</Text>
<Text Id='3'>PC</Text>
<Text Id='4'>Apple TV</Text>
<Text Id='5'>Mobil / Ipod</Text>
<Text Id='6'>Menu</Text>
<Image Id='1' Native='False' Path='20140504_115602.jpg' Format='jpg'>
<Size Units='Pixels' Width='1280' Height='720' />
</Image>
<Image Id='2' Native='False' Path='speaker_blue_80.png' Format='png'>
<Size Units='Pixels' Width='80' Height='80' />
</Image>
<Image Id='3' Native='False' Path='iconssm_audio_dblk_72x94_a.bmp' Format='bmp'>
<Size Units='Pixels' Width='72' Height='94' />
</Image>
<Image Id='4' Native='False' Path='computer_20B_20140.png' Format='png'>
<Size Units='Pixels' Width='140' Height='140' />
</Image>
<Image Id='5' Native='False' Path='computer_20B_20140_a.png' Format='png'>
<Size Units='Pixels' Width='140' Height='140' />
</Image>
<Image Id='6' Native='False' Path='aero_power_red_90x90.png' Format='png'>
<Size Units='Pixels' Width='90' Height='90' />
</Image>
<Image Id='7' Native='False' Path='aero_power_green_64x64.png' Format='png'>
<Size Units='Pixels' Width='64' Height='64' />
</Image>
<Image Id='8' Native='False' Path='Btn_Keypad2_241x78_i.png' Format='png'>
<Size Units='Pixels' Width='241' Height='78' />
</Image>
<Image Id='9' Native='False' Path='Btn_Keypad2_241x78_a.png' Format='png'>
<Size Units='Pixels' Width='241' Height='78' />
</Image>
<Image Id='10' Native='False' Path='up_i.png' Format='png'>
<Size Units='Pixels' Width='80' Height='60' />
</Image>
<Image Id='11' Native='False' Path='up_a.png' Format='png'>
<Size Units='Pixels' Width='80' Height='60' />
</Image>
<Image Id='12' Native='False' Path='vertical_gauge_signal_10x145_i.bmp' Format='bmp'>
<Size Units='Pixels' Width='10' Height='145' />
</Image>
<Image Id='13' Native='False' Path='vertical_gauge_signal_10x145_a.bmp' Format='bmp'>
<Size Units='Pixels' Width='10' Height='145' />
</Image>
<Image Id='14' Native='False' Path='down_i.png' Format='png'>
<Size Units='Pixels' Width='80' Height='60' />
</Image>
<Image Id='15' Native='False' Path='down_a.png' Format='png'>
<Size Units='Pixels' Width='80' Height='60' />
</Image>
<Image Id='16' Native='False' Path='laptop_140.png' Format='png'>
<Size Units='Pixels' Width='140' Height='140' />
</Image>
<Image Id='17' Native='False' Path='laptop_140a.png' Format='png'>
<Size Units='Pixels' Width='140' Height='140' />
</Image>
<Image Id='18' Native='False' Path='apple_tv140.png' Format='png'>
<Size Units='Pixels' Width='140' Height='140' />
</Image>
<Image Id='19' Native='False' Path='apple_tv140_a.png' Format='png'>
<Size Units='Pixels' Width='140' Height='140' />
</Image>
<Image Id='20' Native='False' Path='destiny_blue_videoconf_iconssm_88x80_i.png' Format='png'>
<Size Units='Pixels' Width='88' Height='80' />
</Image>
<Image Id='21' Native='False' Path='destiny_blue_videoconf_iconssm_88x80_a.png' Format='png'>
<Size Units='Pixels' Width='88' Height='80' />
</Image>
<Image Id='22' Native='False' Path='btn_cursor_2_70x64_0.png' Format='png'>
<Size Units='Pixels' Width='70' Height='64' />
</Image>
<Image Id='23' Native='False' Path='btn_cursor_2_70x64_1.png' Format='png'>
<Size Units='Pixels' Width='70' Height='64' />
</Image>
<Image Id='24' Native='False' Path='btn_cursor_5_70x69_0.png' Format='png'>
<Size Units='Pixels' Width='70' Height='69' />
</Image>
<Image Id='25' Native='False' Path='btn_cursor_5_70x69_1.png' Format='png'>
<Size Units='Pixels' Width='70' Height='69' />
</Image>
<Image Id='26' Native='False' Path='btn_cursor_8_70x67_0.png' Format='png'>
<Size Units='Pixels' Width='70' Height='67' />
</Image>
<Image Id='27' Native='False' Path='btn_cursor_8_70x67_1.png' Format='png'>
<Size Units='Pixels' Width='70' Height='67' />
</Image>
<Image Id='28' Native='False' Path='btn_cursor_6_65x69_0.png' Format='png'>
<Size Units='Pixels' Width='65' Height='69' />
</Image>
<Image Id='29' Native='False' Path='btn_cursor_6_65x69_1.png' Format='png'>
<Size Units='Pixels' Width='65' Height='69' />
</Image>
<Image Id='30' Native='False' Path='btn_cursor_4_65x69_0.png' Format='png'>
<Size Units='Pixels' Width='65' Height='69' />
</Image>
<Image Id='31' Native='False' Path='btn_cursor_4_65x69_1.png' Format='png'>
<Size Units='Pixels' Width='65' Height='69' />
</Image>
<Image Id='32' Native='False' Path='btn_cursor_1_65x64_0.png' Format='png'>
<Size Units='Pixels' Width='65' Height='64' />
</Image>
<Image Id='33' Native='False' Path='btn_cursor_3_65x64_0.png' Format='png'>
<Size Units='Pixels' Width='65' Height='64' />
</Image>
<Image Id='34' Native='False' Path='btn_cursor_9_65x67_0.png' Format='png'>
<Size Units='Pixels' Width='65' Height='67' />
</Image>
<Image Id='35' Native='False' Path='btn_cursor_7_65x67_0.png' Format='png'>
<Size Units='Pixels' Width='65' Height='67' />
</Image>
<Image Id='36' Native='False' Path='Standard_20Common_20Play.png' Format='png'>
<Size Units='Pixels' Width='90' Height='45' />
</Image>
<Image Id='37' Native='False' Path='Standard_20Common_20Play_20Active.png' Format='png'>
<Size Units='Pixels' Width='90' Height='45' />
</Image>
<Image Id='38' Native='False' Path='Standard_20Common_20Up.png' Format='png'>
<Size Units='Pixels' Width='90' Height='45' />
</Image>
<Image Id='39' Native='False' Path='Standard_20Active.png' Format='png'>
<Size Units='Pixels' Width='90' Height='45' />
</Image>
</Resources>
</File>
