<?xml version='1.0' encoding='ISO-8859-1' ?>
<File Type='Page' Version='1.1.0'>
<Control Type='Page' Name='Musikk' Transition='0' TransitionDuration='-1'>
<Position Units='Pixels' X='0' Y='0' />
<Size Units='Pixels' Width='320' Height='460' />
<VisualStyles>
<VisualStyle>
<Background>
<Color  R='0' G='0' B='0' A='1' />
</Background>
<Image Id='1' />
</VisualStyle>
</VisualStyles>
<Control Type='Button' Name='Button'>
<Position Units='Pixels' X='96' Y='148' />
<Size Units='Pixels' Width='128' Height='128' />
<VisualStyles>
<VisualStyle State='0' Mode='0'>
<Face Type='2D'>
<Color  R='1' G='1' B='1' A='0' />
</Face>
<Image Id='18' Alpha='1' />
<Text Id='4' FontId='1' Alignment='BottomCenter' Wrap='False'>
<Color  R='1' G='1' B='1' A='1' />
</Text>
</VisualStyle>
<VisualStyle State='1' Mode='0'>
<Face Type='2D'>
<Color  R='0.752941' G='0.752941' B='0.752941' A='0' />
</Face>
<Image Id='19' Alpha='1' />
<Text Id='4' FontId='1' Alignment='BottomCenter' Wrap='False'>
<Color  R='1' G='1' B='1' A='1' />
</Text>
</VisualStyle>
</VisualStyles>
<Bindings>
<Binding Id='17' Type='Digital' Property='State'/>
</Bindings>
<Commands>
<Command Action='TouchDown' Id='17' Type='Digital' Value='True' />
<Command Action='TouchUp' Id='17' Type='Digital' Value='False' />
</Commands>
</Control>
<Control Type='Button' Name='Button'>
<Position Units='Pixels' X='96' Y='32' />
<Size Units='Pixels' Width='128' Height='96' />
<VisualStyles>
<VisualStyle State='0' Mode='0'>
<Face Type='2D'>
<Color  R='0.752941' G='0.752941' B='0.752941' A='0' />
</Face>
<Image Id='20' Alpha='1' />
</VisualStyle>
<VisualStyle State='1' Mode='0'>
<Face Type='2D'>
<Color  R='0.752941' G='0.752941' B='0.752941' A='0' />
</Face>
<Image Id='21' Alpha='1' />
</VisualStyle>
</VisualStyles>
<Bindings>
<Binding Id='14' Type='Digital' Property='State'/>
</Bindings>
<Commands>
<Command Action='TouchDown' Id='14' Type='Digital' Value='True' />
<Command Action='TouchUp' Id='14' Type='Digital' Value='False' />
</Commands>
</Control>
<Control Type='Button' Name='Text'>
<Position Units='Pixels' X='80' Y='96' />
<Size Units='Pixels' Width='160' Height='64' />
<VisualStyles>
<VisualStyle State='0' Mode='0'>
<Text Id='5' FontId='4' Alignment='CenterCenter' Wrap='False'>
<Color  R='1' G='1' B='1' A='1' />
</Text>
</VisualStyle>
</VisualStyles>
</Control>
<Control Type='Button' Name='Button'>
<Position Units='Pixels' X='28' Y='328' />
<Size Units='Pixels' Width='96' Height='96' />
<VisualStyles>
<VisualStyle State='0' Mode='0'>
<Face Type='2D'>
<Color  R='0.25098' G='0' B='0.752941' A='0' />
</Face>
<Image Id='6' Alpha='1' />
</VisualStyle>
<VisualStyle State='1' Mode='0'>
<Face Type='2D'>
<Color  R='1' G='0.501961' B='0' A='0' />
</Face>
<Image Id='7' Alpha='1' />
</VisualStyle>
</VisualStyles>
<Bindings>
<Binding Id='12' Type='Digital' Property='State'/>
</Bindings>
<Commands>
<Command Action='TouchDown' Id='12' Type='Digital' Value='True' />
<Command Action='TouchUp' Id='12' Type='Digital' Value='False' />
<Command Action='TouchDown' PageFlip='Start' />
</Commands>
</Control>
<Control Type='Button' Name='Legend'>
<Position Units='Pixels' X='208' Y='292' />
<Size Units='Pixels' Width='95' Height='67' />
<VisualStyles>
<VisualStyle State='0' Mode='0'>
<Face Type='2D'>
<Color  R='0' G='0.164706' B='0.360784' A='1' />
</Face>
<Text FontId='2' Alignment='CenterCenter' Wrap='False'>
<Color  R='0' G='0' B='0' A='1' />
</Text>
</VisualStyle>
<VisualStyle State='1' Mode='0'>
<Face Type='2D'>
<Color  R='0.752941' G='0.752941' B='0.752941' A='1' />
</Face>
<Text FontId='2' Alignment='CenterCenter' Wrap='False'>
<Color  R='0' G='0' B='0' A='1' />
</Text>
</VisualStyle>
</VisualStyles>
</Control>
<Control Type='Button' Name='Button'>
<Position Units='Pixels' X='208' Y='292' />
<Size Units='Pixels' Width='97' Height='70' />
<VisualStyles>
<VisualStyle State='0' Mode='0'>
<Face Type='2D'>
<Color  R='0.752941' G='0.752941' B='0.752941' A='0' />
</Face>
<Image Id='8' Alpha='1' />
</VisualStyle>
<VisualStyle State='1' Mode='0'>
<Face Type='2D'>
<Color  R='0.752941' G='0.752941' B='0.752941' A='0' />
</Face>
<Image Id='9' Alpha='1' />
</VisualStyle>
</VisualStyles>
<Bindings>
<Binding Id='20' Type='Digital' Property='State'/>
</Bindings>
<Commands>
<Command Action='TouchDown' Id='20' Type='Digital' Value='True' />
<Command Action='TouchUp' Id='20' Type='Digital' Value='False' />
</Commands>
</Control>
<Control Type='Button' Name='Legend'>
<Position Units='Pixels' X='208' Y='380' />
<Size Units='Pixels' Width='95' Height='67' />
<VisualStyles>
<VisualStyle State='0' Mode='0'>
<Face Type='2D'>
<Color  R='0' G='0.164706' B='0.360784' A='1' />
</Face>
<Text FontId='2' Alignment='CenterCenter' Wrap='False'>
<Color  R='0' G='0' B='0' A='1' />
</Text>
</VisualStyle>
<VisualStyle State='1' Mode='0'>
<Face Type='2D'>
<Color  R='0.752941' G='0.752941' B='0.752941' A='1' />
</Face>
<Text FontId='2' Alignment='CenterCenter' Wrap='False'>
<Color  R='0' G='0' B='0' A='1' />
</Text>
</VisualStyle>
</VisualStyles>
</Control>
<Control Type='Button' Name='Button'>
<Position Units='Pixels' X='216' Y='296' />
<Size Units='Pixels' Width='80' Height='60' />
<VisualStyles>
<VisualStyle State='0' Mode='0'>
<Face Type='2D'>
<Color  R='0.752941' G='0.752941' B='0.752941' A='0' />
</Face>
<Image Id='10' Alpha='1' />
</VisualStyle>
<VisualStyle State='1' Mode='0'>
<Face Type='2D'>
<Color  R='0.752941' G='0.752941' B='0.752941' A='0' />
</Face>
<Image Id='11' Alpha='1' />
</VisualStyle>
</VisualStyles>
<Bindings>
<Binding Id='20' Type='Digital' Property='State'/>
</Bindings>
<Commands>
<Command Action='TouchDown' Id='20' Type='Digital' Value='True' />
<Command Action='TouchUp' Id='20' Type='Digital' Value='False' />
</Commands>
</Control>
<Control Type='Button' Name='Button'>
<Position Units='Pixels' X='208' Y='380' />
<Size Units='Pixels' Width='97' Height='70' />
<VisualStyles>
<VisualStyle State='0' Mode='0'>
<Face Type='2D'>
<Color  R='0.752941' G='0.752941' B='0.752941' A='0' />
</Face>
<Image Id='8' Alpha='1' />
</VisualStyle>
<VisualStyle State='1' Mode='0'>
<Face Type='2D'>
<Color  R='0.752941' G='0.752941' B='0.752941' A='0' />
</Face>
<Image Id='9' Alpha='1' />
</VisualStyle>
</VisualStyles>
<Bindings>
<Binding Id='21' Type='Digital' Property='State'/>
</Bindings>
<Commands>
<Command Action='TouchDown' Id='21' Type='Digital' Value='True' />
<Command Action='TouchUp' Id='21' Type='Digital' Value='False' />
</Commands>
</Control>
<Control Type='Button' Name='SliderBackdrop' KeyClick='False'>
<Position Units='Pixels' X='180' Y='296' />
<Size Units='Pixels' Width='10' Height='144' />
<VisualStyles>
<VisualStyle State='0' Mode='0'>
<Face Type='2D'>
<Color  R='0.752941' G='0.752941' B='0.752941' A='0' />
</Face>
<Image Id='12' Alpha='1' FillMode='0' />
<Text FontId='3' Alignment='CenterCenter' Wrap='False'>
<Color  R='0' G='0' B='0' A='1' />
</Text>
</VisualStyle>
</VisualStyles>
</Control>
<Control Type='Slider' Name='Slider' KeyClick='False'>
<Position Units='Pixels' X='180' Y='296' />
<Size Units='Pixels' Width='10' Height='144' />
<VisualStyles>
<VisualStyle State='0' Mode='0'>
<Format Type='2' Signed='False'>
<Slider Direction='2' SpringReturn='False' SignedTouch='False' />
</Format>
<Face Type='2D'>
<Color  R='0' G='0' B='0' A='0' />
</Face>
<Image Id='13' Alpha='1' FillMode='0' />
<Text FontId='3' Alignment='CenterCenter' Wrap='False'>
<Color  R='0' G='0' B='0' A='1' />
</Text>
</VisualStyle>
</VisualStyles>
<Bindings>
<Binding Id='5' Type='Analog' Property='Mode'/>
</Bindings>
<Commands>
<Command Action='TouchDown' Id='5' Type='Analog' />
<Command Action='AnalogFeedback' Id='5' Type='Analog' Value='Mode' />
</Commands>
</Control>
<Control Type='Button' Name='Button'>
<Position Units='Pixels' X='216' Y='384' />
<Size Units='Pixels' Width='78' Height='60' />
<VisualStyles>
<VisualStyle State='0' Mode='0'>
<Face Type='2D'>
<Color  R='0.752941' G='0.752941' B='0.752941' A='0' />
</Face>
<Image Id='14' Alpha='1' />
</VisualStyle>
<VisualStyle State='1' Mode='0'>
<Face Type='2D'>
<Color  R='0.752941' G='0.752941' B='0.752941' A='0' />
</Face>
<Image Id='15' Alpha='1' />
</VisualStyle>
</VisualStyles>
<Bindings>
<Binding Id='21' Type='Digital' Property='State'/>
</Bindings>
<Commands>
<Command Action='TouchDown' Id='21' Type='Digital' Value='True' />
<Command Action='TouchUp' Id='21' Type='Digital' Value='False' />
</Commands>
</Control>
</Control>
</File>
