<?xml version='1.0' encoding='ISO-8859-1' ?>
<File Type='Page' Version='1.1.0'>
<Control Type='Page' Name='Start' Transition='0' TransitionDuration='-1'>
<Position Units='Pixels' X='0' Y='0' />
<Size Units='Pixels' Width='320' Height='460' />
<VisualStyles>
<VisualStyle>
<Background>
<Color  R='0' G='0' B='0' A='1' />
</Background>
<Image Id='1' />
</VisualStyle>
</VisualStyles>
<Bindings>
<Binding Id='41' Property='PageFlip'/>
</Bindings>
<Commands>
<Command Action='PageJoin' Id='41' Type='Digital' />
</Commands>
<Control Type='Button' Name='Button'>
<Position Units='Pixels' X='84' Y='256' />
<Size Units='Pixels' Width='128' Height='96' />
<VisualStyles>
<VisualStyle State='0' Mode='0'>
<Face Type='2D'>
<Color  R='0' G='0' B='0.627451' A='0' />
</Face>
<Image Id='2' Alpha='1'>
<TransparentColor R='1' G='0' B='1' A='0' />
</Image>
</VisualStyle>
<VisualStyle State='1' Mode='0'>
<Face Type='2D'>
<Color  R='0' G='0' B='0.627451' A='0' />
</Face>
<Image Id='3' Alpha='1'>
<TransparentColor R='1' G='0' B='1' A='0' />
</Image>
</VisualStyle>
</VisualStyles>
<Bindings>
<Binding Id='13' Type='Digital' Property='State'/>
</Bindings>
<Commands>
<Command Action='TouchDown' Id='13' Type='Digital' Value='True' />
<Command Action='TouchUp' Id='13' Type='Digital' Value='False' />
<Command Action='TouchDown' PageFlip='Musikk' />
</Commands>
</Control>
<Control Type='Button' Name='Text'>
<Position Units='Pixels' X='76' Y='332' />
<Size Units='Pixels' Width='160' Height='64' />
<VisualStyles>
<VisualStyle State='0' Mode='0'>
<Text Id='1' FontId='1' Alignment='CenterCenter' Wrap='False'>
<Color  R='1' G='1' B='1' A='1' />
</Text>
</VisualStyle>
</VisualStyles>
</Control>
<Control Type='Button' Name='Button'>
<Position Units='Pixels' X='90' Y='96' />
<Size Units='Pixels' Width='140' Height='140' />
<VisualStyles>
<VisualStyle State='0' Mode='0'>
<Face Type='2D'>
<Color  R='1' G='1' B='1' A='0' />
</Face>
<Image Id='4' Alpha='1' />
<Text Id='2' FontId='1' Alignment='BottomCenter' Wrap='False'>
<Color  R='1' G='1' B='1' A='1' />
</Text>
</VisualStyle>
<VisualStyle State='1' Mode='0'>
<Face Type='2D'>
<Color  R='0.752941' G='0.752941' B='0.752941' A='0' />
</Face>
<Image Id='5' Alpha='1' />
<Text Id='2' FontId='1' Alignment='BottomCenter' Wrap='False'>
<Color  R='1' G='1' B='1' A='1' />
</Text>
</VisualStyle>
</VisualStyles>
<Bindings>
<Binding Id='11' Type='Digital' Property='State'/>
</Bindings>
<Commands>
<Command Action='TouchDown' Id='11' Type='Digital' Value='True' />
<Command Action='TouchUp' Id='11' Type='Digital' Value='False' />
<Command Action='TouchDown' PageFlip='Uten avslutt' />
</Commands>
</Control>
</Control>
</File>
