<?xml version='1.0' encoding='ISO-8859-1' ?>
<File Type='Resource' Version='4.1.0'>
<Resources>
<Font Id='1' Size ='21' FaceName='Arial' Weight='700' Bold='True' Italic='False' Underline='False' Strike='False' />
<Font Id='2' Size ='13' FaceName='CrestronTransport' Weight='400' Bold='False' Italic='False' Underline='False' Strike='False' />
<Font Id='3' Size ='16' FaceName='CrestronTransport' Weight='400' Bold='False' Italic='False' Underline='False' Strike='False' />
<Font Id='4' Size ='21' FaceName='Arial' Weight='400' Bold='False' Italic='False' Underline='False' Strike='False' />
<Font Id='5' Size ='16' FaceName='Arial' Weight='400' Bold='False' Italic='False' Underline='False' Strike='False' />
<Text Id='1'>Film</Text>
<Text Id='2'>Musikk</Text>
<Text Id='3'>K</Text>
<Text Id='4'>J</Text>
<Text Id='5'>Avslutt</Text>
<Text Id='6'>PC</Text>
<Text Id='7'>Playstation</Text>
<Text Id='8'>Mobil / Ipod</Text>
<Text Id='9'>Airport Express</Text>
<Text Id='10'>Back</Text>
<Image Id='1' Native='True' Path='~Media1_BG.png' Format='png'>
<Size Units='Pixels' Width='768' Height='1004' />
</Image>
<Image Id='2' Native='True' Path='~ClimateBG.png' Format='png'>
<Size Units='Pixels' Width='768' Height='1004' />
</Image>
</Resources>
</File>
