<?xml version='1.0' encoding='ISO-8859-1' ?>
<File Type='Page' Version='4.1.0'>
<Control Type='Page' Name='Musikk' Transition='0' TransitionDuration='-1'>
<Position Units='Pixels' X='0' Y='0' />
<Size Units='Pixels' Width='768' Height='1004' />
<VisualStyles>
<VisualStyle>
<Background>
<Color  R='0' G='0' B='0' A='1' />
</Background>
<Image Id='1' />
</VisualStyle>
</VisualStyles>
<Control Type='Button' Name='Button'>
<Position Units='Pixels' X='676' Y='316' />
<Size Units='Pixels' Width='64' Height='64' />
<VisualStyles>
<VisualStyle State='0' Mode='0'>
<Face Type='2D'>
<Color  R='0' G='0.501961' B='0.752941' A='1' />
</Face>
<Text Id='3' FontId='2' Alignment='CenterCenter' Wrap='False'>
<Color  R='1' G='1' B='0.752941' A='1' />
</Text>
</VisualStyle>
<VisualStyle State='1' Mode='0'>
<Face Type='2D'>
<Color  R='0' G='1' B='0' A='1' />
</Face>
<Text Id='3' FontId='2' Alignment='CenterCenter' Wrap='False'>
<Color  R='0' G='0' B='0' A='1' />
</Text>
</VisualStyle>
</VisualStyles>
<Bindings>
<Binding Id='20' Type='Digital' Property='State'/>
</Bindings>
<Commands>
<Command Action='TouchDown' Id='20' Type='Digital' Value='True' />
<Command Action='TouchUp' Id='20' Type='Digital' Value='False' />
</Commands>
</Control>
<Control Type='Button' Name='Button'>
<Position Units='Pixels' X='676' Y='412' />
<Size Units='Pixels' Width='64' Height='64' />
<VisualStyles>
<VisualStyle State='0' Mode='0'>
<Face Type='2D'>
<Color  R='0' G='0.501961' B='0.752941' A='1' />
</Face>
<Text Id='4' FontId='3' Alignment='CenterCenter' Wrap='False'>
<Color  R='1' G='1' B='0.752941' A='1' />
</Text>
</VisualStyle>
<VisualStyle State='1' Mode='0'>
<Face Type='2D'>
<Color  R='0' G='1' B='0' A='1' />
</Face>
<Text Id='4' FontId='3' Alignment='CenterCenter' Wrap='False'>
<Color  R='0' G='0' B='0' A='1' />
</Text>
</VisualStyle>
</VisualStyles>
<Bindings>
<Binding Id='21' Type='Digital' Property='State'/>
</Bindings>
<Commands>
<Command Action='TouchDown' Id='21' Type='Digital' Value='True' />
<Command Action='TouchUp' Id='21' Type='Digital' Value='False' />
</Commands>
</Control>
<Control Type='Button' Name='Button'>
<Position Units='Pixels' X='304' Y='564' />
<Size Units='Pixels' Width='192' Height='96' />
<VisualStyles>
<VisualStyle State='0' Mode='0'>
<Face Type='2D'>
<Color  R='0.501961' G='0' B='0' A='1' />
</Face>
<Text Id='5' FontId='4' Alignment='CenterCenter' Wrap='False'>
<Color  R='1' G='1' B='0.752941' A='1' />
</Text>
</VisualStyle>
<VisualStyle State='1' Mode='0'>
<Face Type='2D'>
<Color  R='0' G='1' B='0' A='1' />
</Face>
<Text Id='5' FontId='4' Alignment='CenterCenter' Wrap='False'>
<Color  R='0' G='0' B='0' A='1' />
</Text>
</VisualStyle>
</VisualStyles>
<Bindings>
<Binding Id='12' Type='Digital' Property='State'/>
</Bindings>
<Commands>
<Command Action='TouchDown' Id='12' Type='Digital' Value='True' />
<Command Action='TouchUp' Id='12' Type='Digital' Value='False' />
<Command Action='TouchDown' PageFlip='Start' />
</Commands>
</Control>
<Control Type='Button' Name='Button'>
<Position Units='Pixels' X='96' Y='344' />
<Size Units='Pixels' Width='192' Height='96' />
<VisualStyles>
<VisualStyle State='0' Mode='0'>
<Face Type='2D'>
<Color  R='1' G='0.501961' B='0' A='1' />
</Face>
<Text Id='8' FontId='1' Alignment='CenterCenter' Wrap='False'>
<Color  R='1' G='1' B='0.752941' A='1' />
</Text>
</VisualStyle>
<VisualStyle State='1' Mode='0'>
<Face Type='2D'>
<Color  R='0' G='1' B='0' A='1' />
</Face>
<Text Id='8' FontId='1' Alignment='CenterCenter' Wrap='False'>
<Color  R='0' G='0' B='0' A='1' />
</Text>
</VisualStyle>
</VisualStyles>
<Bindings>
<Binding Id='14' Type='Digital' Property='State'/>
</Bindings>
<Commands>
<Command Action='TouchDown' Id='14' Type='Digital' Value='True' />
<Command Action='TouchUp' Id='14' Type='Digital' Value='False' />
</Commands>
</Control>
<Control Type='Button' Name='Button'>
<Position Units='Pixels' X='416' Y='344' />
<Size Units='Pixels' Width='192' Height='96' />
<VisualStyles>
<VisualStyle State='0' Mode='0'>
<Face Type='2D'>
<Color  R='1' G='0.501961' B='0' A='1' />
</Face>
<Text Id='9' FontId='1' Alignment='CenterCenter' Wrap='False'>
<Color  R='1' G='1' B='0.752941' A='1' />
</Text>
</VisualStyle>
<VisualStyle State='1' Mode='0'>
<Face Type='2D'>
<Color  R='0' G='1' B='0' A='1' />
</Face>
<Text Id='9' FontId='1' Alignment='CenterCenter' Wrap='False'>
<Color  R='0' G='0' B='0' A='1' />
</Text>
</VisualStyle>
</VisualStyles>
<Bindings>
<Binding Id='15' Type='Digital' Property='State'/>
</Bindings>
<Commands>
<Command Action='TouchDown' Id='15' Type='Digital' Value='True' />
<Command Action='TouchUp' Id='15' Type='Digital' Value='False' />
</Commands>
</Control>
</Control>
</File>
