<?xml version='1.0' encoding='ISO-8859-1' ?>
<File Type='Page' Version='4.1.0'>
<Control Type='Page' Name='Uten join nummer' Transition='0' TransitionDuration='-1'>
<Position Units='Pixels' X='0' Y='0' />
<Size Units='Pixels' Width='768' Height='1004' />
<VisualStyles>
<VisualStyle>
<Background>
<Color  R='0' G='0' B='0' A='1' />
</Background>
<Image Id='1' />
</VisualStyle>
</VisualStyles>
<Control Type='Button' Name='Button'>
<Position Units='Pixels' X='608' Y='6' />
<Size Units='Pixels' Width='160' Height='96' />
<VisualStyles>
<VisualStyle State='0' Mode='0'>
<Face Type='2D'>
<Color  R='0.752941' G='0.752941' B='0.752941' A='0' />
</Face>
<Text Id='10' FontId='5' Alignment='CenterCenter' Wrap='False'>
<Color  R='0' G='0' B='0' A='1' />
</Text>
</VisualStyle>
<VisualStyle State='1' Mode='0'>
<Face Type='2D'>
<Color  R='0.752941' G='0.752941' B='0.752941' A='1' />
</Face>
<Text Id='10' FontId='5' Alignment='CenterCenter' Wrap='False'>
<Color  R='0' G='0' B='0' A='1' />
</Text>
</VisualStyle>
</VisualStyles>
<Commands>
<Command Action='TouchDown' PageFlip='Film' />
</Commands>
</Control>
<Control Type='Button' Name='Button'>
<Position Units='Pixels' X='128' Y='454' />
<Size Units='Pixels' Width='192' Height='96' />
<VisualStyles>
<VisualStyle State='0' Mode='0'>
<Face Type='2D'>
<Color  R='1' G='0.501961' B='0' A='1' />
</Face>
<Text Id='1' FontId='1' Alignment='CenterCenter' Wrap='False'>
<Color  R='1' G='1' B='0.752941' A='1' />
</Text>
</VisualStyle>
<VisualStyle State='1' Mode='0'>
<Face Type='2D'>
<Color  R='0' G='1' B='0' A='1' />
</Face>
<Text Id='1' FontId='1' Alignment='CenterCenter' Wrap='False'>
<Color  R='0' G='0' B='0' A='1' />
</Text>
</VisualStyle>
</VisualStyles>
<Commands>
<Command Action='TouchDown' PageFlip='Uten Avslutt' />
</Commands>
</Control>
<Control Type='Button' Name='Button'>
<Position Units='Pixels' X='448' Y='454' />
<Size Units='Pixels' Width='192' Height='96' />
<VisualStyles>
<VisualStyle State='0' Mode='0'>
<Face Type='2D'>
<Color  R='1' G='0.501961' B='0' A='1' />
</Face>
<Text Id='2' FontId='1' Alignment='CenterCenter' Wrap='False'>
<Color  R='1' G='1' B='0.752941' A='1' />
</Text>
</VisualStyle>
<VisualStyle State='1' Mode='0'>
<Face Type='2D'>
<Color  R='0' G='1' B='0' A='1' />
</Face>
<Text Id='2' FontId='1' Alignment='CenterCenter' Wrap='False'>
<Color  R='0' G='0' B='0' A='1' />
</Text>
</VisualStyle>
</VisualStyles>
<Commands>
<Command Action='TouchDown' PageFlip='Musikk' />
</Commands>
</Control>
</Control>
</File>
